Source,Target
LoveStats,MatthewGombolay
shrutimohnot,amyogan
profnaren,poliscibitches
rohan_joseph93,profnaren
MatthewGombolay,angusforbes
alexandre_palo,sebastienlorber
jsh_c,amyogan
MatthewGombolay,fortnow
FrancieCashman,AstroAhura
vrama91,twimlai
vrama91,omerlevy_
BioTherap,jusoneoftoomany
JSMF,amyogan
sana_ajani,evergrnlibrary
PCAPInspector,heycori
tinyblueness,amyogan
mjpetrey,jepusto
arnauquera,AstroAhura
mark_nwi,MatthewGombolay
BigDataGal,Sidd691
NicActon,profnaren
SIAMDataMining,G_Dominique
TreyHuffine,alexandre_palo
novumkenya,amyogan
prakash1p,SIAMDataMining
ICatGT,vrama91
MatthewGombolay,asbruckman
amyogan,VicariousLee
Sidd691,GTComputingER
dfrctionspikes,AstroAhura
saviovictor1994,vrama91
SiruiXie,GromitC
SIAMDataMining,barenboos
tom7,irishowley
alexandre_palo,googledevs
anvitahodekar,GromitC
profnaren,CrowdFlower
heycori,jessica_colnago
minimal_arts,AstroAhura
JasonDou1,SIAMDataMining
mjpetrey,ClintSmithIII
MatthewGombolay,Prof_DavidBader
rbrbrbr,irishowley
Lezarman_,alexandre_palo
kjb_astro,AstroAhura
WaveShineSec,irishowley
yanjiefoo,SIAMDataMining
shea_du,GTUbicomp
YangXiaoTheReal,profnaren
mary_shumaker,westy37
hypervisible,heycori
WhatTheIfShow,AstroAhura
ShrutiS1404,kalyanrath
ICatGT,deshrajdry
irishowley,ianli
sana_ajani,jonlovett
westy37,aimeedc
f_spezzano,SIAMDataMining
ICatGT,gtHCI
mayankjuneja,vrama91
SIAMDataMining,AngelJSalazar
alexandre_palo,nodejs
AlexRTerry,MountRainierNPS
alexandre_palo,cowcotland
mjpetrey,PhotoGhibli
BrunyChamp,heycori
Sidd691,vmistweet
yubowenok,GromitC
alexandre_palo,Google
jusoneoftoomany,EU_DataPortal
melbo07,MatthewGombolay
ShrutiS1404,mokshabindra
mjpetrey,HumansAnalytics
alexandre_palo,v8js
alexandre_palo,Minishlink
SIG25_EdTheory,irishowley
GovindDurag,ShrutiS1404
BristolPalmer,sana_ajani
mjpetrey,sarah_guido
fabiomoioli,heycori
RaminNasibov,sana_ajani
SIAMDataMining,alexip
ICatGT,ale_patron
SIAMDataMining,gwillem
fosterxcellence,ICatGT
crossslide,MatthewGombolay
davidmeza1,mjpetrey
SIAMDataMining,acmeducation
collinsbrooks74,heycori
AlexRTerry,americanalpine
LivingTransit,AstroAhura
PoloChau,ICatGT
mjpetrey,p7r
qmdlogistics,mjpetrey
PresseInfo,jusoneoftoomany
MahdiRahmani313,MatthewGombolay
rzf,SIAMDataMining
VkoSci,GromitC
profnaren,PopTechWorks
generativist,mjpetrey
AstroAhura,Judy_Racusin
DalithSteiger,sana_ajani
Christo29152683,alexandre_palo
Walid44848345,mjpetrey
alexalcocerp,MatthewGombolay
Kyleculus,sana_ajani
sana_ajani,smithmegan
AstroAhura,CosmoCa3sar
prakashadvani,Sidd691
AlexRTerry,timbersarmy
hdbest1,westy37
Sidd691,GTLibrary
irishowley,GregDyke
AlexRTerry,jeffweiner
LearnDataSciece,Sidd691
AstroAhura,deltacarina
sana_ajani,danpfeiffer
susanrwest,westy37
sana_ajani,eldsjal
amyogan,jonfroehlich
heycori,DavosDeville
ShrutiS1404,jackkybhagnani
sana_ajani,tinab
Ned_Neverbeen,MatthewGombolay
markbland,SIAMDataMining
hildaworkshop,GromitC
swanderingf,SIAMDataMining
AlexRTerry,Uber
keshav_swarup,sana_ajani
MatthewGombolay,DhruvBatraDB
alex_joncas,mjpetrey
MatthewGombolay,likeavass
irishowley,krismicinski
heycori,bowlinearl
Learn_Big_Data,jusoneoftoomany
AstroAhura,beanykelly
AlexRTerry,Azure
GromitC,lilianchoywl
bll_krtl,MatthewGombolay
pranav_kundra,GTUbicomp
PoloChau,irishowley
takeplate,AstroAhura
Chandan_1912,vrama91
Ruben_Wolff,mjpetrey
greenersoul,ShrutiS1404
bguedj,SIAMDataMining
MatthewGombolay,mikestrattonNET
backpropper,ICatGT
vrama91,cjmaddison
LearnBigdata_,jusoneoftoomany
irishowley,MASS_MoCA
sana_ajani,zeynep
GromitC,NYPDnews
SIAMDataMining,DrSidJReddy
irishowley,PoloChau
LoIFunnyHaha,AlexRTerry
lisabriercliffe,MatthewGombolay
AZOutdoorSupply,AlexRTerry
Swnk16,AstroAhura
MatthewGombolay,bjcolangelo
profnaren,sahilkapur
irishowley,rbrbrbr
ManojGotame3,heycori
Prof_DavidBader,alexandre_palo
USASocialMedia1,Sidd691
Sidd691,goodfellow_ian
AlexRTerry,Airbnb
Sidd691,MaryKayCarlson
AstroAhura,mayorgalc
adbcoder,profnaren
profnaren,KatzOnEarth
Sidd691,WhatsApp
vrama91,random_walker
scc_gt,petroseskinder
ShrutiS1404,narendramodi
PoloChau,heycori
machinelearnbot,vrama91
EU_DataPortal,jusoneoftoomany
amyogan,wslasecki
SandraW25225444,AlexRTerry
BigData_forYou,jusoneoftoomany
PoloChau,alexandre_palo
amyogan,TJRyan_77
SIAMDataMining,AnnaFeit
AstroAhura,sciencejedi
MouseWizardLeo,SIAMDataMining
Sidd691,ICatGT
heycori,dkaushik96
YifangLi_,irishowley
Minishlink,alexandre_palo
heycori,densaer
ShrutiS1404,rockyandmayur
adannabankole,ICatGT
mjpetrey,dabeaz
GTStudents,westy37
ICatGT,arpieb
SIAMDataMining,TheOfficialACM
westy37,FitMenCook
ShrutiS1404,PoloChau
AlexRTerry,PoloChau
MatthewGombolay,catPPinto
Sidd691,geoffreyirving
jusoneoftoomany,vpa_world
vrama91,scyrusk
ICatGT,andrewmiller
sana_ajani,mviser
NickiLaycoax,heycori
heycori,ICatGT
lilianchoywl,GromitC
SIAMDataMining,Sane_GES
fatfingererr,GromitC
TheValleyReport,heycori
josephseering,heycori
Sidd691,MohanCRaja
TychoTa,alexandre_palo
dklionsk,amyogan
BuddhiNet,SIAMDataMining
powellizer,scc_gt
Sidd691,pythonbot_
MayraReyesV,heycori
amyogan,AlessiaZucchett
amyogan,turadg
alexandre_palo,thatmuellerkid
Taha114041,vrama91
sejal_khatri,amyogan
westy37,FacesPics
dream8350,AlexRTerry
AlexRTerry,drewhouston
irishowley,adafruit
sujayry1,profnaren
SciAsCulture,jusoneoftoomany
scc_gt,Prof_DavidBader
alexandre_palo,AirbusDefence
salmanyam,profnaren
chaaosbook,AstroAhura
heycori,vyas_sekar
chak_jay,SIAMDataMining
bhargavbardipur,ICatGT
AidenTianyuWang,GromitC
it_service,jusoneoftoomany
amyogan,merylalper
panderson_me,vrama91
donnamschmidt58,westy37
jusoneoftoomany,chandu1k
vrama91,lucastheis
profnaren,JSEllenberg
irishowley,bigdata4people
tasheenka,AlexRTerry
SIAMDataMining,ParisMLgroup
mjpetrey,_ColinFay
alexandre_palo,intelligibabble
jusoneoftoomany,nlrbtz
sana_ajani,InnovFellows
westy37,BroScienceLife
sana_ajani,aunder
haydenkirchner,SIAMDataMining
PoloChau,sana_ajani
Sidd691,LtGovDelhi
westy37,HistoryInPics
PoloChau,amyogan
ubihuman,GTUbicomp
AstroAhura,FrancieCashman
alexandre_palo,FranceAtlanta
GoogleAnalytic_,Sidd691
NeuvooCommNY,GromitC
suryandev,ICatGT
MatthewGombolay,aarshavi21
proj100women,sana_ajani
GromitC,bilalalsallakh
westy37,GTPaulJohnson
TheMatrixMedia,GromitC
ICatGT,mmadaio
Sidd691,DalrympleWill
AlexRTerry,lyft
Sidd691,h2oai
sana_ajani,Kyleculus
MatthewGombolay,wilthomason
Gang1man,ICatGT
CanViewpoint,MatthewGombolay
jusoneoftoomany,Bigdatafans_
Data_Learningz,sana_ajani
ManaliD34,sana_ajani
mjpetrey,vboykis
sana_ajani,wennmachers
mjpetrey,jschwabish
SIAMDataMining,XavierRenard
GromitC,mia_mifeng
MALMANNAA,profnaren
ShrutiS1404,chintskap
MatthewGombolay,SpaceflightNow
alexandre_palo,Arianespace
aarshavi21,MatthewGombolay
mjpetrey,jtrnyc
profnaren,Choose2BCurious
arichduvet,AstroAhura
PoloChau,Sidd691
profnaren,FluTrackers
AlexGuoHan,ICatGT
Kaidi_Wang_,profnaren
basedreptile,AstroAhura
mjpetrey,untappdpipeline
jusoneoftoomany,LearnBigdata_
Senseye_Winning,profnaren
ashimch66682171,vrama91
whosaust,mjpetrey
profnaren,SenDuckworth
AstroAhura,whereisyvette
alexandre_palo,ken_wheeler
RoboticsAutomat,MatthewGombolay
AvocatsVisa,alexandre_palo
profnaren,crooksandliars
chandu1k,jusoneoftoomany
profnaren,EhudReiter
PoloChau,GTUbicomp
Sidd691,NipsConference
axmed2002,MatthewGombolay
profnaren,tomwsanchez
jusoneoftoomany,Learn_Big_Data
GrubhubTech,ICatGT
heycori,proffnes
tomwsanchez,profnaren
MatthewGombolay,GeorgiaTech
GromitC,WTFViz
AstroAhura,spacetelelive
alexandre_palo,GerardAraud
vrama91,mrtz
Safar18624249,vrama91
ShrutiS1404,edsheeran
scc_gt,PoloChau
PoojaAgarwal,amyogan
Smith_Analytics,Sidd691
Prof_DavidBader,scc_gt
AstroAhura,scgQuasar
MatthewGombolay,SingularMattrix
SIAMDataMining,PalaisGluck
tonyhandel,heycori
aseemb,ICatGT
erikakcarlson,AstroAhura
nlrbtz,jusoneoftoomany
stevenvgallo,westy37
ShrutiS1404,naveen2894
MatthewGombolay,mikamckinnon
FrancoisSutter,alexandre_palo
AskAaronLee,alexandre_palo
scc_gt,andyfang_dz
ShrutiS1404,sonakshisinha
PoloChau,ShrutiS1404
jithu_r_jacob,mjpetrey
irishowley,dalbersszafir
jusoneoftoomany,BioTherap
GromitC,zcliu
oatsandsugar,GromitC
GromitC,harishd10
AM_Alumni,alexandre_palo
jusoneoftoomany,BigData_BigData
vasan_ashwin,vrama91
profnaren,sehurlburt
andrewjmullins,AlexRTerry
ShrutiS1404,FoodFood
MicrosoftSV,sana_ajani
thenetninjauk,alexandre_palo
jusoneoftoomany,BigData_Master
vrama91,tommmitchell
ShrutiS1404,TheEllenShow
saiabishek1,heycori
EzraPenland,AlexRTerry
JeannineJoncas,mjpetrey
chengtel,SIAMDataMining
Prof_DavidBader,GromitC
jusoneoftoomany,Bigdata_AtoZ
vrama91,fhuszar
emir_munoz,SIAMDataMining
kn2423,irishowley
mjpetrey,OpenIntroOrg
Trandrew25,westy37
ShrutiS1404,KananGill
PoloChau,AlexRTerry
PoloChau,profnaren
GromitC,jfreirenet
ICatGT,katieirenec
meldanielle92,westy37
raj_k_darbar,irishowley
HuthaifaIssam,profnaren
anirbanakash,ICatGT
k_boh,ICatGT
westy37,themostdank
carrotlive_,Sidd691
bluevincent,Sidd691
amyogan,msbernst
ashliea,SIAMDataMining
ShrutiS1404,FarOutAkhtar
ShrutiS1404,ankitban
MatthewGombolay,richardkelley
xosewist,alexandre_palo
rao_shwetha,ShrutiS1404
GromitC,SoVeryBritish
heycori,PlanetDr
iamvijaysai,ICatGT
sana_ajani,tmyerson
heycori,davidayersvoice
revolt60660,profnaren
M_Semaan,profnaren
mjpetrey,data_nerd
alexandre_palo,sfmnemonic
Anandghan_W,GTUbicomp
AstroAhura,j_tharindu
WomenWhoTech,ICatGT
DavidKirop,amyogan
sana_ajani,gdsteam
JesusAnthonyJa5,mjpetrey
vpa_world,jusoneoftoomany
THBy9zAD1o6lYec,sana_ajani
jusoneoftoomany,Labiotech_eu
Abarik9,heycori
PoloChau,mjpetrey
ianli,irishowley
irishowley,NyashaJunior
vrama91,balajiln
SurajSurajjipcy,irishowley
AstroAhura,KarelleSiellez
Jay_Bhatt_007,vrama91
PoloChau,scc_gt
IESCareers,westy37
LouisMMCoiffait,amyogan
obyeziashi,westy37
scc_gt,gtcomputing
jusoneoftoomany,BigData_forYou
ICatGT,isbellHFh
likeavass,MatthewGombolay
QiuyueXue,GTUbicomp
amyogan,alywise
amyogan,MarshaLovett
mjpetrey,d4tagirl
allisonbanko,westy37
heghbalz,vrama91
DrDavideSmith1,sana_ajani
PoloChau,vrama91
AlexRTerry,jgebbia
AbhayjeetSingh8,ShrutiS1404
irishowley,SIGCSE_TS
Rep_Ink,westy37
DataSci_Plow,SIAMDataMining
profnaren,JustinWolfers
ozbizchick,MatthewGombolay
gupta_salehha,ICatGT
Elisabe58209251,AstroAhura
westy37,PoloChau
ICatGT,AndrewYNg
AlexRTerry,JeffBezos
ShrutiS1404,selenagomez
westy37,allisonbanko
Vallmeister,heycori
AstroAhura,10outof10ley
HndArmrChalkUSA,westy37
anselmbradford,irishowley
heycori,ScottTrabandt
MatthewGombolay,goodfellow_ian
gautamshetty,ICatGT
plotlygraphs,GromitC
ICatGT,ElixirAtlanta
vrama91,DBahdanau
npr247,AstroAhura
anjpatel18,sana_ajani
PennineBirch,jusoneoftoomany
BigDatAnalytic,Sidd691
graphqleu,alexandre_palo
hhm,vrama91
Sidd691,USCGHyderabad
ICatGT,gpbnews
ChaddsFordPenn,westy37
GigiLizaH,MatthewGombolay
pranoykrishnan,vrama91
irishowley,CSTeachingTips
bethduffy95,heycori
ICatGT,greyesgt
Sidd691,LisaSansouci
jusoneoftoomany,East_Bay_Plow
brttaylor,irishowley
snack_ice,sana_ajani
Mathano01,amyogan
westy37,BG_WAIWEIGHT
irishowley,brentheeringa
sana_ajani,alexmarlette
hankejh,MatthewGombolay
AlexRTerry,MountaineersOrg
MatthewGombolay,EMSpeck
Fivestars_GX,AlexRTerry
BigData_Master,jusoneoftoomany
irishowley,brttaylor
alexandre_palo,Prof_DavidBader
PoloChau,westy37
mia_mifeng,GromitC
corey_latislaw,sana_ajani
SIAMDataMining,dirkvandenpoel
Sidd691,jimeng
GromitC,brkdncr94
AstroAhura,si2urssi
PoloChau,SIAMDataMining
PoloChau,MatthewGombolay
abhshkdz,vrama91
mjpetrey,FiveThirtyEight
westy37,cj_wentz
GromitC,HKUSTAlumni
heycori,josephseering
westy37,BradleyMartyn
AdeelaHuma,profnaren
amyogan,MaXimenaFdez
amyogan,hummus_monster
jusoneoftoomany,DiagnosticsJoe
GromitC,BBGVisualData
Dataa_Analytics,Sidd691
ICatGT,GaTechOTT
Sidd691,hemalshah_7
jusoneoftoomany,marin_vince
ujjax_iitr,ICatGT
faizaancharania,vrama91
mjpetrey,hugobowne
jusoneoftoomany,mudit101jain
profnaren,rupasubramanya
vrama91,arxiv_org
jasharris,westy37
irishowley,CRAWomen
samlightstone,GromitC
profnaren,bariweiss
SridharGajan,AstroAhura
hemingwaysclass,heycori
vrama91,CommissionrGHMC
Matthew_Owens18,sana_ajani
DiagnosticsJoe,jusoneoftoomany
reshmann8,ShrutiS1404
irishowley,andyjko
westy37,Rep_Ink
karenchurch,heycori
AstroAhura,PoloChau
westy37,Faux_Gruden
sriniv_venkat,profnaren
adexincom,jusoneoftoomany
ICatGT,GTaerospace
westy37,danieltosh
jusoneoftoomany,PresseInfo
Gabrielmarey,amyogan
MatthewGombolay,deviparikh
JeremyBlaizot,AstroAhura
rp997685,mjpetrey
BigData_BigData,jusoneoftoomany
ICatGT,WomenWhoTech
duettoapp,alexandre_palo
scc_gt,PoloDataClub
dtchimp,profnaren
hotdatajobs,AlexRTerry
profnaren,arishapiro
GromitC,fungc_io
RfastMichail,SIAMDataMining
jaromrax,AstroAhura
NDomarad,mjpetrey
jusoneoftoomany,SciAsCulture
iaashish7,ICatGT
ShrutiS1404,abishmathew
sana_ajani,ashleymcnamara
thatmuellerkid,alexandre_palo
hire_ai,Sidd691
Data_Science_Ry,GromitC
SIAMDataMining,ApplDataMining
heycori,bustamantefe
sconvers,mjpetrey
SIAMDataMining,klerissonpaixao
chris10_0,ShrutiS1404
heycori,mikamckinnon
Sidd691,Miles_Brundage
Andir766,westy37
BrandonBrungard,amyogan
brkdncr94,GromitC
northernlight,ICatGT
LisaAnomalous,irishowley
gowherewolf,Sidd691
sanyal87,irishowley
_Guillaume_B_,alexandre_palo
westy37,Pwrliftingwatch
crunchbasenews,sana_ajani
AlexRTerry,WAStatePks
toopixshaker,westy37
profnaren,Prof_DavidBader
AlexRTerry,WTA_hikers
GromitC,hmason
irishowley,tom7
SPYadav86550850,Sidd691
ICatGT,OSTtalk
westy37,DomMazzetti
ICatGT,joesbigidea
GromitC,JianJZhao
alexandre_palo,PoloChau
amyogan,HungryMindLab
amyogan,celestekidd
alexandre_palo,esa
GromitC,infobeautyaward
ruthieyakubu,sana_ajani
profnaren,sknthla
amyogan,chinmay
sana_ajani,USDS
zhangchengios,GTUbicomp
profnaren,chucktodd
hongkonglifetv,GromitC
AlexRTerry,satyanadella
ItsDLS,sana_ajani
amyogan,literacyonline
andyfang_dz,scc_gt
GromitC,PoloChau
nayagaonkar71,ShrutiS1404
amyogan,jasoncyip
ShrutiS1404,taylorswift13
heycori,EmojiMeadow
heycori,fbOpenSource
benjaminspak,alexandre_palo
vnuwaha,amyogan
gps_2017,Sidd691
sandrajames50,AstroAhura
amyogan,pikachu_hudson
findusedmobiles,mjpetrey
DataAnalytic_4U,Sidd691
piyushbansal93,vrama91
AstroAhura,dfrctionspikes
_btanmay,ICatGT
inthememebrane,AlexRTerry
ICatGT,olivercameron
krismicinski,irishowley
blaked_84,alexandre_palo
irishowley,turadg
VolunteerSci,profnaren
SIAMDataMining,Daniel_RSilva
CaseyCrl,jusoneoftoomany
irishowley,OliFer
naveen2894,ShrutiS1404
aimeedc,westy37
cyclingman168,AlexRTerry
bigdata4people,amyogan
pvskand,vrama91
RainKotut,profnaren
abhinavr8,mjpetrey
deepakrajtomar,ShrutiS1404
cmu_africa,amyogan
Bigdatafans_,jusoneoftoomany
mokshabindra,ShrutiS1404
VishalMummigatt,sana_ajani
thepressfarm,sana_ajani
AllRoadRetail,AlexRTerry
dkaushik96,heycori
machinelearnbot,Sidd691
GTCSE,Sidd691
Sidd691,JeffDean
littlemissTess8,AlexRTerry
vrama91,KLdivergence
sedatesnail,irishowley
theMadhuraj,amyogan
catPPinto,MatthewGombolay
vrama91,jacobandreas
sana_ajani,jess
AlexRTerry,bchesky
ShrutiS1404,RanveerOfficial
wilthomason,MatthewGombolay
jfreirenet,GromitC
AstroAhura,kainoeske
heycori,ravenben
AstroAhura,chaaosbook
westy37,pakalupapito
whynotyet,irishowley
Udadisi,amyogan
marin_vince,jusoneoftoomany
AlexRTerry,TimbersFC
mahesh_goud,vrama91
heycori,petridishes
mjpetrey,ma_salmon
sciencemeandyou,irishowley
npelekis,SIAMDataMining
earli_office,amyogan
AstroAhura,astrobassball
HCI_Research,GTUbicomp
alexandre_palo,AuroreMa27
MatthewGombolay,GTRI
AstroAhura,rareflwr41
mjpetrey,SecretFlying
vrama91,JCornebise
amyogan,stvritter
ICatGT,CelesteHeadlee
MohanKumar10011,vrama91
HyeokhyenKwon,GTUbicomp
patelsumit0101,mjpetrey
sana_ajani,TheAmyCode
sana_ajani,PeggyJ
butik35039811,mjpetrey
monsieurHud,amyogan
GromitC,Prof_DavidBader
PoloChau,GromitC
gtLYMcrew,westy37
MichaelGalanin,AstroAhura
SRoyLee,SIAMDataMining
SIAMDataMining,Quebec_AI
CiscoDevNet,Sidd691
mjpetrey,davidmeza1
AlexRTerry,SuburbanMtnr
sstn_akg,GTUbicomp
GromitC,oatsandsugar
SIAMDataMining,IrisMiliaraki
alexandre_palo,NASA
Roddardbiau1,mjpetrey
Bobby_Bouzouk,heycori
sanketloke94,profnaren
heycori,BrightenGodfrey
brentheeringa,irishowley
irishowley,choux
Bigdata_AtoZ,jusoneoftoomany
ShrutiS1404,AllIndiaBakchod
vrama91,pfau
Sarus,MatthewGombolay
diyiy_cmu,irishowley
PoloChau,jusoneoftoomany
GromitC,googleresearch
vrama91,panderson_me
AmplifyPartners,heycori
Codeanywhere,alexandre_palo
SIAMDataMining,amantrac
PoloChau,AstroAhura
wangmengsd,SIAMDataMining
vrama91,vkrakovna
heycori,coachwpxi
lzton,profnaren
_1RaiNbow1,AlexRTerry
vrama91,SussilloDavid
amyogan,ahnjune
westy37,lance_austin14
westy37,robertherjavec
OutdoorWildness,AlexRTerry
greyesgt,GTUbicomp
jusoneoftoomany,CaseyCrl
AlexRTerry,larryellison
SamiSaydjari,mjpetrey
guptkhushbu,Sidd691
